PROV,TAHUN,KBLI,KLAS,WEIGHT,R703AK2,R703BK2,R703CK2,R703DK2,R703EK2,R703FK2,R703GK2,R704,R7051,R7052,R801,R802,R803,R901A,R901B,R901C,R901D,R902A,R902B,R902C,R902D,R902E,R903A,R903B,R903C,R903D,R904A,R904B,R703MK2,R902M,R903M,RENUM
12,2019,13,1,3.1,100.0,0.0,0.0,0.0,0.0,0.0,0.0,3,0,0,36725298,34212132,2513166,55,20,18,7,50.0,25.0,12.0,10,3.0,60.0,22.0,15.0,3.0,0.0,0.0,a,a,a,1001
33,2019,32,1,3.2,100.0,0.0,0.0,0.0,0.0,0.0,0.0,1,0,0,10168509,8345049,1823460,58,21,19,2,50.0,25.0,12.0,10,3.0,62.0,23.0,15.0,0.0,0.0,0.0,a,a,a,1002
33,2020,32,1,3.2,100.0,0.0,0.0,0.0,0.0,0.0,0.0,1,0,0,9265882,9665800,-399918,58,21,19,2,50.0,25.0,12.0,10,3.0,62.0,23.0,15.0,0.0,0.0,0.0,a,a,a,1002
33,2021,32,1,3.2,100.0,0.0,0.0,0.0,0.0,0.0,0.0,5,0,0,8945029,7621870,1323159,58,21,19,2,50.0,25.0,12.0,10,3.0,62.0,23.0,15.0,0.0,0.0,0.0,a,a,a,1002
33,2022,32,1,3.2,100.0,0.0,0.0,0.0,0.0,0.0,0.0,6,0,0,8447303,6582538,1864765,58,21,19,2,50.0,25.0,12.0,10,3.0,62.0,23.0,15.0,0.0,0.0,0.0,a,a,a,1002
18,2018,14,1,3.3,61.7,15.3,11.5,3.8,3.8,1.9,2.0,,9094961,0,13983390,15853171,-1869781,58,21,19,2,50.0,25.0,12.0,10,3.0,60.0,22.0,15.0,3.0,0.0,0.0,a,a,a,1003
18,2019,14,1,3.3,69.9,12.0,9.0,3.0,3.0,1.5,1.6,,9596914,0,13949961,11837647,2112314,58,21,19,2,50.0,25.0,12.0,10,3.0,60.0,22.0,15.0,3.0,0.0,0.0,a,a,a,1003
18,2020,14,1,3.3,73.0,10.8,8.1,2.7,2.7,1.4,1.3,,11209577,0,8418174,6685229,1732945,58,21,19,2,50.0,25.0,12.0,10,3.0,60.0,22.0,15.0,3.0,0.0,0.0,a,a,a,1003
18,2021,14,1,3.3,47.0,21.2,15.9,5.3,5.3,2.7,2.6,,14150053,0,16330808,12577243,3753565,58,21,19,2,50.0,25.0,12.0,10,3.0,60.0,22.0,15.0,3.0,0.0,0.0,a,a,a,1003
18,2022,14,1,3.3,52.4,19.0,14.3,4.8,4.8,2.4,2.3,,16297658,0,24357348,26703036,-2345688,58,21,19,2,50.0,25.0,12.0,10,3.0,60.0,22.0,15.0,3.0,0.0,0.0,a,a,a,1003
32,2018,32,1,3.4,100.0,0.0,0.0,0.0,0.0,0.0,0.0,5,0,0,25751009,15381081,10369928,58,21,19,2,50.0,25.0,12.0,10,3.0,62.0,23.0,15.0,0.0,0.0,0.0,a,a,a,1004
32,2019,32,1,3.4,100.0,0.0,0.0,0.0,0.0,0.0,0.0,3,0,0,24018585,15269884,8748701,58,21,19,2,50.0,25.0,12.0,10,3.0,62.0,23.0,15.0,0.0,0.0,0.0,a,a,a,1004
32,2020,32,1,3.4,100.0,0.0,0.0,0.0,0.0,0.0,0.0,6,0,0,28579481,19083197,9496284,58,21,19,2,50.0,25.0,12.0,10,3.0,62.0,23.0,15.0,0.0,0.0,0.0,a,a,a,1004
32,2021,32,1,3.4,100.0,0.0,0.0,0.0,0.0,0.0,0.0,4,0,0,31676245,13434711,18241534,58,21,19,2,50.0,25.0,12.0,10,3.0,62.0,23.0,15.0,0.0,0.0,0.0,a,a,a,1004
32,2022,32,1,3.4,100.0,0.0,0.0,0.0,0.0,0.0,0.0,5,0,0,22566928,16862341,5704587,58,21,19,2,50.0,25.0,12.0,10,3.0,62.0,23.0,15.0,0.0,0.0,0.0,a,a,a,1004
31,2018,22,2,3.5,100.0,0.0,0.0,0.0,0.0,0.0,0.0,3,0,0,47112810,34240059,12872751,58,21,19,2,50.0,25.0,12.0,10,3.0,62.0,23.0,15.0,0.0,0.0,0.0,a,a,a,1005
31,2019,22,2,3.5,100.0,0.0,0.0,0.0,0.0,0.0,0.0,2,0,0,71026453,55924934,15101519,58,21,19,2,50.0,25.0,12.0,10,3.0,62.0,23.0,15.0,0.0,0.0,0.0,a,a,a,1005
31,2020,22,2,3.5,100.0,0.0,0.0,0.0,0.0,0.0,0.0,4,0,0,49659130,52885323,-3226193,58,21,19,2,50.0,25.0,12.0,10,3.0,62.0,23.0,15.0,0.0,0.0,0.0,a,a,a,1005
31,2021,22,2,3.5,100.0,0.0,0.0,0.0,0.0,0.0,0.0,5,0,0,55569828,44876415,10693413,58,21,19,2,50.0,25.0,12.0,10,3.0,62.0,23.0,15.0,0.0,0.0,0.0,a,a,a,1005
31,2022,22,2,3.5,100.0,0.0,0.0,0.0,0.0,0.0,0.0,2,0,0,70725920,50087021,20638899,58,21,19,2,50.0,25.0,12.0,10,3.0,62.0,23.0,15.0,0.0,0.0,0.0,a,a,a,1005
32,2019,32,1,3.6,60.1,16.0,12.0,4.0,4.0,2.0,1.9,,5315292,0,12250883,9703774,2547109,58,21,19,2,50.0,25.0,12.0,10,3.0,62.0,23.0,15.0,0.0,0.0,0.0,a,a,a,1006
32,2020,32,1,3.6,72.8,10.9,8.2,2.7,2.7,1.4,1.3,,4664578,0,10621237,7926890,2694347,58,21,19,2,50.0,25.0,12.0,10,3.0,62.0,23.0,15.0,0.0,0.0,0.0,a,a,a,1006
32,2021,32,1,3.6,91.3,3.5,2.6,0.9,0.9,0.4,0.4,,3969916,0,10209579,7460940,2748639,58,21,19,2,50.0,25.0,12.0,10,3.0,62.0,23.0,15.0,0.0,0.0,0.0,a,a,a,1006
32,2022,32,1,3.6,78.8,8.5,6.4,2.1,2.1,1.1,1.0,,9329599,0,10262245,11253691,-991446,58,21,19,2,50.0,25.0,12.0,10,3.0,62.0,23.0,15.0,0.0,0.0,0.0,a,a,a,1006
51,2020,14,2,3.7,25.8,29.7,22.3,7.4,7.4,3.7,3.7,,81511656,0,63084698,58426255,4658443,58,21,19,2,50.0,25.0,12.0,10,3.0,60.0,22.0,15.0,3.0,0.0,0.0,b,a,a,1007
51,2021,14,2,3.7,70.2,11.9,8.9,3.0,3.0,1.5,1.5,,61727975,0,56891723,52457465,4434258,58,21,19,2,50.0,25.0,12.0,10,3.0,60.0,22.0,15.0,3.0,0.0,0.0,a,a,a,1007
51,2022,14,2,3.7,84.2,6.3,4.7,1.6,1.6,0.8,0.8,,67508172,0,78112500,66330767,11781733,58,21,19,2,50.0,25.0,12.0,10,3.0,60.0,22.0,15.0,3.0,0.0,0.0,a,a,a,1007
35,2018,28,2,3.8,100.0,0.0,0.0,0.0,0.0,0.0,0.0,1,0,0,112647554,79937003,32710551,58,21,19,2,50.0,25.0,12.0,10,3.0,62.0,23.0,15.0,0.0,0.0,0.0,a,a,a,1008
35,2019,28,2,3.8,100.0,0.0,0.0,0.0,0.0,0.0,0.0,6,0,0,133746265,124265042,9481223,58,21,19,2,50.0,25.0,12.0,10,3.0,62.0,23.0,15.0,0.0,0.0,0.0,a,a,a,1008
35,2020,28,2,3.8,100.0,0.0,0.0,0.0,0.0,0.0,0.0,3,0,0,142090435,118567017,23523418,58,21,19,2,50.0,25.0,12.0,10,3.0,62.0,23.0,15.0,0.0,0.0,0.0,a,a,a,1008
35,2021,28,2,3.8,100.0,0.0,0.0,0.0,0.0,0.0,0.0,3,0,0,127742790,119176336,8566454,58,21,19,2,50.0,25.0,12.0,10,3.0,62.0,23.0,15.0,0.0,0.0,0.0,a,a,a,1008
35,2022,28,2,3.8,100.0,0.0,0.0,0.0,0.0,0.0,0.0,5,0,0,166273818,129879594,36394224,58,21,19,2,50.0,25.0,12.0,10,3.0,62.0,23.0,15.0,0.0,0.0,0.0,a,a,a,1008
73,2018,14,1,3.9,55.8,17.7,13.3,4.4,4.4,2.2,2.2,,10901379,0,8885235,8216755,668480,58,21,19,2,50.0,25.0,12.0,10,3.0,60.0,22.0,15.0,3.0,27.5,4.8,a,a,a,1009
11,2018,31,2,4.0,100.0,0.0,0.0,0.0,0.0,0.0,0.0,5,0,0,41949325,47927380,-5978055,58,21,19,2,50.0,25.0,12.0,10,3.0,62.0,23.0,15.0,0.0,0.0,0.0,a,a,a,1010
11,2019,31,2,4.0,100.0,0.0,0.0,0.0,0.0,0.0,0.0,3,0,0,34259656,30296294,3963362,58,21,19,2,50.0,25.0,12.0,10,3.0,62.0,23.0,15.0,0.0,0.0,0.0,a,a,a,1010
51,2018,24,1,4.1,100.0,0.0,0.0,0.0,0.0,0.0,0.0,5,0,0,9377594,9065135,312459,58,21,19,2,50.0,25.0,12.0,10,3.0,62.0,23.0,15.0,0.0,0.0,0.0,a,a,a,1011
51,2019,24,1,4.1,100.0,0.0,0.0,0.0,0.0,0.0,0.0,5,0,0,13512710,11712739,1799971,58,21,19,2,50.0,25.0,12.0,10,3.0,62.0,23.0,15.0,0.0,0.0,0.0,a,a,a,1011
51,2020,24,1,4.1,100.0,0.0,0.0,0.0,0.0,0.0,0.0,6,0,0,9863388,9558505,304883,58,21,19,2,50.0,25.0,12.0,10,3.0,62.0,23.0,15.0,0.0,0.0,0.0,a,a,a,1011
51,2021,24,1,4.1,100.0,0.0,0.0,0.0,0.0,0.0,0.0,5,0,0,10192097,7322146,2869951,58,21,19,2,50.0,25.0,12.0,10,3.0,62.0,23.0,15.0,0.0,0.0,0.0,a,a,a,1011
51,2022,24,1,4.1,100.0,0.0,0.0,0.0,0.0,0.0,0.0,5,0,0,11587191,9309962,2277229,58,21,19,2,50.0,25.0,12.0,10,3.0,62.0,23.0,15.0,0.0,0.0,0.0,a,a,a,1011
14,2020,15,1,4.2,100.0,0.0,0.0,0.0,0.0,0.0,0.0,5,0,0,14890761,13345533,1545228,58,21,19,2,50.0,25.0,12.0,10,3.0,60.0,22.0,15.0,3.0,0.0,0.0,a,a,a,1012
14,2021,15,1,4.2,100.0,0.0,0.0,0.0,0.0,0.0,0.0,3,0,0,15316147,14082167,1233980,58,21,19,2,50.0,25.0,12.0,10,3.0,60.0,22.0,15.0,3.0,0.0,0.0,a,a,a,1012
14,2022,15,1,4.2,100.0,0.0,0.0,0.0,0.0,0.0,0.0,1,0,0,12275411,10433531,1841880,58,21,19,2,50.0,25.0,12.0,10,3.0,60.0,22.0,15.0,3.0,0.0,0.0,a,a,a,1012
32,2018,15,1,4.3,100.0,0.0,0.0,0.0,0.0,0.0,0.0,1,0,0,12810574,11591768,1218806,58,21,19,2,50.0,25.0,12.0,10,3.0,60.0,22.0,15.0,3.0,0.0,0.0,a,a,a,1013
32,2019,15,1,4.3,100.0,0.0,0.0,0.0,0.0,0.0,0.0,3,0,0,12897538,11452482,1445056,58,21,19,2,50.0,25.0,12.0,10,3.0,60.0,22.0,15.0,3.0,0.0,0.0,a,a,a,1013
32,2020,15,1,4.3,100.0,0.0,0.0,0.0,0.0,0.0,0.0,6,0,0,18020275,14157434,3862841,58,21,19,2,50.0,25.0,12.0,10,3.0,60.0,22.0,15.0,3.0,0.0,0.0,a,a,a,1013
32,2021,15,1,4.3,100.0,0.0,0.0,0.0,0.0,0.0,0.0,6,0,0,16958511,17422930,-464419,58,21,19,2,50.0,25.0,12.0,10,3.0,60.0,22.0,15.0,3.0,0.0,0.0,a,a,a,1013
32,2022,15,1,4.3,100.0,0.0,0.0,0.0,0.0,0.0,0.0,2,0,0,15758826,19023112,-3264286,58,21,19,2,50.0,25.0,12.0,10,3.0,60.0,22.0,15.0,3.0,0.0,0.0,a,a,a,1013
36,2022,13,1,4.4,100.0,0.0,0.0,0.0,0.0,0.0,0.0,1,0,0,8773445,6636191,2137254,55,20,18,7,50.0,25.0,12.0,10,3.0,60.0,22.0,15.0,3.0,0.0,0.0,a,a,a,1014
12,2021,27,2,4.5,100.0,0.0,0.0,0.0,0.0,0.0,0.0,4,0,0,84807359,94133989,-9326630,58,21,19,2,50.0,25.0,12.0,10,3.0,62.0,23.0,15.0,0.0,21.6,15.0,a,a,a,1015
12,2022,27,2,4.5,100.0,0.0,0.0,0.0,0.0,0.0,0.0,4,0,0,70809364,58470696,12338668,58,21,19,2,50.0,25.0,12.0,10,3.0,62.0,23.0,15.0,0.0,3.1,11.5,a,a,a,1015
21,2021,13,2,4.6,44.3,22.3,16.7,5.6,5.6,2.8,2.7,,31018182,0,30380742,35319297,-4938555,55,20,18,7,50.0,25.0,12.0,10,3.0,60.0,22.0,15.0,3.0,0.0,0.0,a,a,a,1016
21,2022,13,2,4.6,72.2,11.1,8.3,2.8,2.8,1.4,1.4,,26937291,0,28171633,24700811,3470822,55,20,18,7,50.0,25.0,12.0,10,3.0,60.0,22.0,15.0,3.0,0.0,0.0,a,a,a,1016
64,2018,22,1,4.7,100.0,0.0,0.0,0.0,0.0,0.0,0.0,3,0,0,20214015,17076349,3137666,58,21,19,2,50.0,25.0,12.0,10,3.0,62.0,23.0,15.0,0.0,0.0,0.0,a,a,a,1017
64,2019,22,1,4.7,100.0,0.0,0.0,0.0,0.0,0.0,0.0,5,0,0,20775922,16088430,4687492,58,21,19,2,50.0,25.0,12.0,10,3.0,62.0,23.0,15.0,0.0,0.0,0.0,a,a,a,1017
64,2020,22,1,4.7,100.0,0.0,0.0,0.0,0.0,0.0,0.0,4,0,0,26457337,20592609,5864728,58,21,19,2,50.0,25.0,12.0,10,3.0,62.0,23.0,15.0,0.0,0.0,0.0,a,a,a,1017
64,2021,22,1,4.7,100.0,0.0,0.0,0.0,0.0,0.0,0.0,4,0,0,22856721,18393215,4463506,58,21,19,2,50.0,25.0,12.0,10,3.0,62.0,23.0,15.0,0.0,0.0,0.0,a,a,a,1017
64,2022,22,1,4.7,100.0,0.0,0.0,0.0,0.0,0.0,0.0,1,0,0,16848940,14452505,2396435,58,21,19,2,50.0,25.0,12.0,10,3.0,62.0,23.0,15.0,0.0,0.0,0.0,a,a,a,1017
32,2019,13,2,4.8,100.0,0.0,0.0,0.0,0.0,0.0,0.0,2,0,0,33896023,29769046,4126977,55,20,18,7,50.0,25.0,12.0,10,3.0,60.0,22.0,15.0,3.0,32.5,5.5,a,a,a,1018
32,2020,13,2,4.8,100.0,0.0,0.0,0.0,0.0,0.0,0.0,2,0,0,33981162,31437397,2543765,55,20,18,7,50.0,25.0,12.0,10,3.0,60.0,22.0,15.0,3.0,24.8,23.9,a,a,a,1018
32,2021,13,2,4.8,100.0,0.0,0.0,0.0,0.0,0.0,0.0,4,0,0,43174954,34819160,8355794,55,20,18,7,50.0,25.0,12.0,10,3.0,60.0,22.0,15.0,3.0,26.0,15.1,a,a,a,1018
32,2022,13,2,4.8,100.0,0.0,0.0,0.0,0.0,0.0,0.0,1,0,0,39133006,37919800,1213206,55,20,18,7,50.0,25.0,12.0,10,3.0,60.0,22.0,15.0,3.0,24.1,29.7,a,a,a,1018
33,2018,31,2,4.9,100.0,0.0,0.0,0.0,0.0,0.0,0.0,1,0,0,119684696,101971702,17712994,58,21,19,2,50.0,25.0,12.0,10,3.0,62.0,23.0,15.0,0.0,0.0,0.0,a,a,a,1019
33,2019,31,2,4.9,100.0,0.0,0.0,0.0,0.0,0.0,0.0,5,0,0,87682167,80857385,6824782,58,21,19,2,50.0,25.0,12.0,10,3.0,62.0,23.0,15.0,0.0,0.0,0.0,a,a,a,1019
33,2020,31,2,4.9,100.0,0.0,0.0,0.0,0.0,0.0,0.0,3,0,0,70331166,61338981,8992185,58,21,19,2,50.0,25.0,12.0,10,3.0,62.0,23.0,15.0,0.0,0.0,0.0,a,a,a,1019
33,2021,31,2,4.9,100.0,0.0,0.0,0.0,0.0,0.0,0.0,2,0,0,61298049,44695915,16602134,58,21,19,2,50.0,25.0,12.0,10,3.0,62.0,23.0,15.0,0.0,0.0,0.0,a,a,a,1019
33,2022,31,2,4.9,100.0,0.0,0.0,0.0,0.0,0.0,0.0,2,0,0,93598646,87448612,6150034,58,21,19,2,50.0,25.0,12.0,10,3.0,62.0,23.0,15.0,0.0,0.0,0.0,a,a,a,1019
32,2018,10,1,5.0,100.0,0.0,0.0,0.0,0.0,0.0,0.0,5,0,0,6757380,5822076,935304,58,21,19,2,50.0,25.0,12.0,10,3.0,62.0,23.0,15.0,0.0,0.0,0.0,a,a,a,1020
32,2019,10,1,5.0,100.0,0.0,0.0,0.0,0.0,0.0,0.0,5,0,0,6874501,6200278,674223,58,21,19,2,50.0,25.0,12.0,10,3.0,62.0,23.0,15.0,0.0,0.0,0.0,a,a,a,1020
32,2020,10,1,5.0,100.0,0.0,0.0,0.0,0.0,0.0,0.0,2,0,0,5707303,4080095,1627208,58,21,19,2,50.0,25.0,12.0,10,3.0,62.0,23.0,15.0,0.0,0.0,0.0,a,a,a,1020
72,2022,30,1,5.1,100.0,0.0,0.0,0.0,0.0,0.0,0.0,5,0,0,8632350,7347892,1284458,58,21,19,2,50.0,25.0,12.0,10,3.0,62.0,23.0,15.0,0.0,0.0,0.0,a,a,a,1021
35,2018,15,1,5.2,100.0,0.0,0.0,0.0,0.0,0.0,0.0,6,0,0,8819045,8039276,779769,58,21,19,2,50.0,25.0,12.0,10,3.0,60.0,22.0,15.0,3.0,0.0,0.0,a,a,a,1022
35,2019,15,1,5.2,100.0,0.0,0.0,0.0,0.0,0.0,0.0,2,0,0,9126110,6999793,2126317,58,21,19,2,50.0,25.0,12.0,10,3.0,60.0,22.0,15.0,3.0,0.0,0.0,a,a,a,1022
35,2020,15,1,5.2,100.0,0.0,0.0,0.0,0.0,0.0,0.0,6,0,0,7686316,7209176,477140,58,21,19,2,50.0,25.0,12.0,10,3.0,60.0,22.0,15.0,3.0,0.0,0.0,a,a,a,1022
35,2021,15,1,5.2,100.0,0.0,0.0,0.0,0.0,0.0,0.0,5,0,0,10536241,7679566,2856675,58,21,19,2,50.0,25.0,12.0,10,3.0,60.0,22.0,15.0,3.0,0.0,0.0,a,a,a,1022
35,2022,15,1,5.2,100.0,0.0,0.0,0.0,0.0,0.0,0.0,3,0,0,9660546,11475562,-1815016,58,21,19,2,50.0,25.0,12.0,10,3.0,60.0,22.0,15.0,3.0,0.0,0.0,a,a,a,1022
35,2018,11,1,5.3,100.0,0.0,0.0,0.0,0.0,0.0,0.0,2,0,0,16932386,13225486,3706900,58,21,19,2,50.0,25.0,12.0,10,3.0,62.0,23.0,15.0,0.0,23.6,13.7,a,a,a,1023
35,2019,11,1,5.3,100.0,0.0,0.0,0.0,0.0,0.0,0.0,4,0,0,21290674,23026477,-1735803,58,21,19,2,50.0,25.0,12.0,10,3.0,62.0,23.0,15.0,0.0,35.3,0.0,a,a,a,1023
35,2020,11,1,5.3,100.0,0.0,0.0,0.0,0.0,0.0,0.0,3,0,0,17818899,21124216,-3305317,58,21,19,2,50.0,25.0,12.0,10,3.0,62.0,23.0,15.0,0.0,37.3,1.1,a,a,a,1023
35,2021,11,1,5.3,100.0,0.0,0.0,0.0,0.0,0.0,0.0,4,0,0,22184487,21443259,741228,58,21,19,2,50.0,25.0,12.0,10,3.0,62.0,23.0,15.0,0.0,25.7,11.1,a,a,a,1023
35,2022,11,1,5.3,100.0,0.0,0.0,0.0,0.0,0.0,0.0,5,0,0,15997993,12540529,3457464,58,21,19,2,50.0,25.0,12.0,10,3.0,62.0,23.0,15.0,0.0,57.4,7.2,a,a,a,1023
12,2020,27,2,5.4,100.0,0.0,0.0,0.0,0.0,0.0,0.0,1,0,0,58503941,45536431,12967510,58,21,19,2,50.0,25.0,12.0,10,3.0,62.0,23.0,15.0,0.0,0.0,0.0,a,a,a,1024
12,2021,27,2,5.4,100.0,0.0,0.0,0.0,0.0,0.0,0.0,4,0,0,82241172,64403275,17837897,58,21,19,2,50.0,25.0,12.0,10,3.0,62.0,23.0,15.0,0.0,0.0,0.0,a,a,a,1024
12,2022,27,2,5.4,100.0,0.0,0.0,0.0,0.0,0.0,0.0,5,0,0,103084198,93194010,9890188,58,21,19,2,50.0,25.0,12.0,10,3.0,62.0,23.0,15.0,0.0,0.0,0.0,a,a,a,1024
33,2022,13,2,5.5,100.0,0.0,0.0,0.0,0.0,0.0,0.0,6,0,0,150471203,142849054,7622149,55,20,18,7,50.0,25.0,12.0,10,3.0,60.0,22.0,15.0,3.0,0.0,0.0,a,a,a,1025
32,2018,13,1,5.6,100.0,0.0,0.0,0.0,0.0,0.0,0.0,3,0,0,23184904,18908045,4276859,55,20,18,7,50.0,25.0,12.0,10,3.0,60.0,22.0,15.0,3.0,0.0,0.0,a,a,a,1026
32,2019,13,1,5.6,100.0,0.0,0.0,0.0,0.0,0.0,0.0,3,0,0,21547648,19576433,1971215,55,20,18,7,50.0,25.0,12.0,10,3.0,60.0,22.0,15.0,3.0,0.0,0.0,a,a,a,1026
32,2020,13,1,5.6,100.0,0.0,0.0,0.0,0.0,0.0,0.0,4,0,0,22608324,21466486,1141838,55,20,18,7,50.0,25.0,12.0,10,3.0,60.0,22.0,15.0,3.0,0.0,0.0,a,a,a,1026
32,2021,13,1,5.6,100.0,0.0,0.0,0.0,0.0,0.0,0.0,1,0,0,16124430,12824739,3299691,55,20,18,7,50.0,25.0,12.0,10,3.0,60.0,22.0,15.0,3.0,0.0,0.0,a,a,a,1026
32,2022,13,1,5.6,100.0,0.0,0.0,0.0,0.0,0.0,0.0,4,0,0,21606096,16289568,5316528,55,20,18,7,50.0,25.0,12.0,10,3.0,60.0,22.0,15.0,3.0,0.0,0.0,a,a,a,1026
32,2018,19,2,5.7,100.0,0.0,0.0,0.0,0.0,0.0,0.0,6,0,0,25446163,30486014,-5039851,58,21,19,2,50.0,25.0,12.0,10,3.0,62.0,23.0,15.0,0.0,0.0,0.0,a,a,a,1027
32,2019,19,2,5.7,100.0,0.0,0.0,0.0,0.0,0.0,0.0,6,0,0,32644406,30778008,1866398,58,21,19,2,50.0,25.0,12.0,10,3.0,62.0,23.0,15.0,0.0,0.0,0.0,a,a,a,1027
32,2020,19,2,5.7,100.0,0.0,0.0,0.0,0.0,0.0,0.0,4,0,0,17765915,16067136,1698779,58,21,19,2,50.0,25.0,12.0,10,3.0,62.0,23.0,15.0,0.0,0.0,0.0,a,a,a,1027
32,2021,19,2,5.7,100.0,0.0,0.0,0.0,0.0,0.0,0.0,1,0,0,24552591,23587401,965190,58,21,19,2,50.0,25.0,12.0,10,3.0,62.0,23.0,15.0,0.0,0.0,0.0,a,a,a,1027
32,2022,19,2,5.7,100.0,0.0,0.0,0.0,0.0,0.0,0.0,4,0,0,38158643,32238683,5919960,58,21,19,2,50.0,25.0,12.0,10,3.0,62.0,23.0,15.0,0.0,0.0,0.0,a,a,a,1027
91,2021,11,2,5.8,100.0,0.0,0.0,0.0,0.0,0.0,0.0,1,0,0,13973239,10610963,3362276,58,21,19,2,50.0,25.0,12.0,10,3.0,62.0,23.0,15.0,0.0,50.2,38.1,a,a,a,1028
35,2018,21,1,5.9,100.0,0.0,0.0,0.0,0.0,0.0,0.0,5,0,0,16504329,14083938,2420391,58,21,19,2,50.0,25.0,12.0,10,3.0,62.0,23.0,15.0,0.0,0.0,0.0,a,a,a,1029
35,2019,21,1,5.9,100.0,0.0,0.0,0.0,0.0,0.0,0.0,3,0,0,13215233,10459656,2755577,58,21,19,2,50.0,25.0,12.0,10,3.0,62.0,23.0,15.0,0.0,0.0,0.0,a,a,a,1029
35,2020,21,1,5.9,100.0,0.0,0.0,0.0,0.0,0.0,0.0,3,0,0,15245226,14735101,510125,58,21,19,2,50.0,25.0,12.0,10,3.0,62.0,23.0,15.0,0.0,0.0,0.0,a,a,a,1029
31,2020,33,1,6.0,100.0,0.0,0.0,0.0,0.0,0.0,0.0,6,0,0,36733885,28763802,7970083,58,21,19,2,50.0,25.0,12.0,10,3.0,62.0,23.0,15.0,0.0,0.0,0.0,a,a,a,1030
31,2021,33,1,6.0,100.0,0.0,0.0,0.0,0.0,0.0,0.0,1,0,0,21473641,25805780,-4332139,58,21,19,2,50.0,25.0,12.0,10,3.0,62.0,23.0,15.0,0.0,0.0,0.0,a,a,a,1030
31,2022,33,1,6.0,100.0,0.0,0.0,0.0,0.0,0.0,0.0,3,0,0,28763676,24985975,3777701,58,21,19,2,50.0,25.0,12.0,10,3.0,62.0,23.0,15.0,0.0,0.0,0.0,a,a,a,1030
31,2019,16,1,6.1,100.0,0.0,0.0,0.0,0.0,0.0,0.0,4,0,0,50723428,31484355,19239073,58,21,19,2,50.0,25.0,12.0,10,3.0,62.0,23.0,15.0,0.0,0.0,0.0,a,a,a,1031
31,2020,16,1,6.1,100.0,0.0,0.0,0.0,0.0,0.0,0.0,4,0,0,51149377,30042025,21107352,58,21,19,2,50.0,25.0,12.0,10,3.0,62.0,23.0,15.0,0.0,0.0,0.0,a,a,a,1031
31,2021,16,1,6.1,100.0,0.0,0.0,0.0,0.0,0.0,0.0,1,0,0,42632389,33607379,9025010,58,21,19,2,50.0,25.0,12.0,10,3.0,62.0,23.0,15.0,0.0,0.0,0.0,a,a,a,1031
32,2018,29,2,6.2,100.0,0.0,0.0,0.0,0.0,0.0,0.0,1,0,0,28119387,23091784,5027603,58,21,19,2,50.0,25.0,12.0,10,3.0,62.0,23.0,15.0,0.0,8.4,16.1,a,a,a,1032
32,2019,29,2,6.2,100.0,0.0,0.0,0.0,0.0,0.0,0.0,1,0,0,28133793,21468807,6664986,58,21,19,2,50.0,25.0,12.0,10,3.0,62.0,23.0,15.0,0.0,8.8,17.4,a,a,a,1032
31,2018,12,1,6.3,100.0,0.0,0.0,0.0,0.0,0.0,0.0,4,0,0,13985480,11483487,2501993,58,21,19,2,50.0,25.0,12.0,10,3.0,62.0,23.0,15.0,0.0,0.0,0.0,a,a,a,1033
31,2019,12,1,6.3,100.0,0.0,0.0,0.0,0.0,0.0,0.0,6,0,0,15503736,12257336,3246400,58,21,19,2,50.0,25.0,12.0,10,3.0,62.0,23.0,15.0,0.0,0.0,0.0,a,a,a,1033
31,2020,12,1,6.3,100.0,0.0,0.0,0.0,0.0,0.0,0.0,2,0,0,16671565,16001075,670490,58,21,19,2,50.0,25.0,12.0,10,3.0,62.0,23.0,15.0,0.0,0.0,0.0,a,a,a,1033
31,2021,12,1,6.3,100.0,0.0,0.0,0.0,0.0,0.0,0.0,5,0,0,22432276,20013901,2418375,58,21,19,2,50.0,25.0,12.0,10,3.0,62.0,23.0,15.0,0.0,0.0,0.0,a,a,a,1033
91,2021,31,2,6.4,54.3,18.3,13.7,4.6,4.6,2.3,2.2,,57277586,0,54493900,48656623,5837277,58,21,19,2,50.0,25.0,12.0,10,3.0,62.0,23.0,15.0,0.0,26.9,19.7,a,a,a,1034
91,2022,31,2,6.4,58.0,16.8,12.6,4.2,4.2,2.1,2.1,,82442574,0,80286107,61721914,18564193,58,21,19,2,50.0,25.0,12.0,10,3.0,62.0,23.0,15.0,0.0,21.2,31.7,a,a,a,1034
32,2018,13,2,6.5,100.0,0.0,0.0,0.0,0.0,0.0,0.0,5,0,0,77142166,61836611,15305555,55,20,18,7,50.0,25.0,12.0,10,3.0,60.0,22.0,15.0,3.0,0.0,0.0,a,a,a,1035
32,2019,13,2,6.5,100.0,0.0,0.0,0.0,0.0,0.0,0.0,5,0,0,81319460,57837127,23482333,55,20,18,7,50.0,25.0,12.0,10,3.0,60.0,22.0,15.0,3.0,0.0,0.0,a,a,a,1035
32,2020,13,2,6.5,100.0,0.0,0.0,0.0,0.0,0.0,0.0,2,0,0,42398916,36398004,6000912,55,20,18,7,50.0,25.0,12.0,10,3.0,60.0,22.0,15.0,3.0,0.0,0.0,a,a,a,1035
32,2021,32,1,6.6,100.0,0.0,0.0,0.0,0.0,0.0,0.0,6,0,0,20694331,14741563,5952768,58,21,19,2,50.0,25.0,12.0,10,3.0,62.0,23.0,15.0,0.0,0.0,0.0,a,a,a,1036
32,2022,32,1,6.6,100.0,0.0,0.0,0.0,0.0,0.0,0.0,1,0,0,27258731,32843620,-5584889,58,21,19,2,50.0,25.0,12.0,10,3.0,62.0,23.0,15.0,0.0,0.0,0.0,a,a,a,1036
52,2022,31,2,6.7,100.0,0.0,0.0,0.0,0.0,0.0,0.0,2,0,0,130815401,122905860,7909541,58,21,19,2,50.0,25.0,12.0,10,3.0,62.0,23.0,15.0,0.0,0.0,0.0,a,a,a,1037
94,2018,11,1,6.8,100.0,0.0,0.0,0.0,0.0,0.0,0.0,1,0,0,7784530,5796162,1988368,58,21,19,2,50.0,25.0,12.0,10,3.0,62.0,23.0,15.0,0.0,0.0,0.0,a,a,a,1038
94,2019,11,1,6.8,100.0,0.0,0.0,0.0,0.0,0.0,0.0,2,0,0,9233207,6914932,2318275,58,21,19,2,50.0,25.0,12.0,10,3.0,62.0,23.0,15.0,0.0,0.0,0.0,a,a,a,1038
94,2020,11,1,6.8,100.0,0.0,0.0,0.0,0.0,0.0,0.0,4,0,0,11657455,9804730,1852725,58,21,19,2,50.0,25.0,12.0,10,3.0,62.0,23.0,15.0,0.0,0.0,0.0,a,a,a,1038
94,2021,11,1,6.8,100.0,0.0,0.0,0.0,0.0,0.0,0.0,6,0,0,7701195,7132972,568223,58,21,19,2,50.0,25.0,12.0,10,3.0,62.0,23.0,15.0,0.0,0.0,0.0,a,a,a,1038
18,2018,23,2,6.9,100.0,0.0,0.0,0.0,0.0,0.0,0.0,4,0,0,50402926,46969826,3433100,58,21,19,2,50.0,25.0,12.0,10,3.0,62.0,23.0,15.0,0.0,0.0,0.0,a,a,a,1039
18,2019,23,2,6.9,100.0,0.0,0.0,0.0,0.0,0.0,0.0,2,0,0,77210361,55272024,21938337,58,21,19,2,50.0,25.0,12.0,10,3.0,62.0,23.0,15.0,0.0,0.0,0.0,a,a,a,1039
18,2020,23,2,6.9,100.0,0.0,0.0,0.0,0.0,0.0,0.0,2,0,0,65324440,80732416,-15407976,58,21,19,2,50.0,25.0,12.0,10,3.0,62.0,23.0,15.0,0.0,0.0,0.0,a,a,a,1039
18,2021,23,2,6.9,100.0,0.0,0.0,0.0,0.0,0.0,0.0,3,0,0,61072683,48775827,12296856,58,21,19,2,50.0,25.0,12.0,10,3.0,62.0,23.0,15.0,0.0,0.0,0.0,a,a,a,1039
18,2022,23,2,6.9,100.0,0.0,0.0,0.0,0.0,0.0,0.0,3,0,0,72107344,61759746,10347598,58,21,19,2,50.0,25.0,12.0,10,3.0,62.0,23.0,15.0,0.0,0.0,0.0,a,a,a,1039
14,2021,25,1,7.0,100.0,0.0,0.0,0.0,0.0,0.0,0.0,2,0,0,20477875,14846969,5630906,58,21,19,2,50.0,25.0,12.0,10,3.0,62.0,23.0,15.0,0.0,0.0,0.0,a,a,a,1040
14,2022,25,1,7.0,100.0,0.0,0.0,0.0,0.0,0.0,0.0,3,0,0,19748668,15585619,4163049,58,21,19,2,50.0,25.0,12.0,10,3.0,62.0,23.0,15.0,0.0,0.0,0.0,a,a,a,1040
33,2018,25,2,7.1,100.0,0.0,0.0,0.0,0.0,0.0,0.0,1,0,0,52561914,43650760,8911154,58,21,19,2,50.0,25.0,12.0,10,3.0,62.0,23.0,15.0,0.0,0.0,0.0,a,a,a,1041
33,2019,25,2,7.1,100.0,0.0,0.0,0.0,0.0,0.0,0.0,1,0,0,43777654,44689610,-911956,58,21,19,2,50.0,25.0,12.0,10,3.0,62.0,23.0,15.0,0.0,0.0,0.0,a,a,a,1041
33,2020,25,2,7.1,100.0,0.0,0.0,0.0,0.0,0.0,0.0,3,0,0,62996332,70824895,-7828563,58,21,19,2,50.0,25.0,12.0,10,3.0,62.0,23.0,15.0,0.0,0.0,0.0,a,a,a,1041
33,2021,25,2,7.1,100.0,0.0,0.0,0.0,0.0,0.0,0.0,2,0,0,52985068,49302184,3682884,58,21,19,2,50.0,25.0,12.0,10,3.0,62.0,23.0,15.0,0.0,0.0,0.0,a,a,a,1041
33,2022,25,2,7.1,100.0,0.0,0.0,0.0,0.0,0.0,0.0,5,0,0,90854624,80980108,9874516,58,21,19,2,50.0,25.0,12.0,10,3.0,62.0,23.0,15.0,0.0,0.0,0.0,a,a,a,1041
35,2019,33,1,7.2,54.0,18.4,13.8,4.6,4.6,2.3,2.3,,9239544,0,21587281,25916274,-4328993,58,21,19,2,50.0,25.0,12.0,10,3.0,62.0,23.0,15.0,0.0,0.0,0.0,a,a,a,1042
35,2020,33,1,7.2,83.6,6.6,4.9,1.6,1.6,0.8,0.9,,8175191,0,23941487,15123003,8818484,58,21,19,2,50.0,25.0,12.0,10,3.0,62.0,23.0,15.0,0.0,0.0,0.0,a,a,a,1042
35,2021,33,1,7.2,56.1,17.6,13.2,4.4,4.4,2.2,2.1,,25104941,0,36033690,40678375,-4644685,58,21,19,2,50.0,25.0,12.0,10,3.0,62.0,23.0,15.0,0.0,0.0,0.0,a,a,a,1042
35,2022,33,1,7.2,55.8,17.7,13.3,4.4,4.4,2.2,2.2,,17818563,0,36962369,44862218,-7899849,58,21,19,2,50.0,25.0,12.0,10,3.0,62.0,23.0,15.0,0.0,0.0,0.0,a,a,a,1042
31,2021,16,1,7.3,100.0,0.0,0.0,0.0,0.0,0.0,0.0,2,0,0,30474575,36851757,-6377182,58,21,19,2,50.0,25.0,12.0,10,3.0,62.0,23.0,15.0,0.0,0.0,0.0,a,a,a,1043
31,2022,16,1,7.3,100.0,0.0,0.0,0.0,0.0,0.0,0.0,4,0,0,28688485,21605100,7083385,58,21,19,2,50.0,25.0,12.0,10,3.0,62.0,23.0,15.0,0.0,0.0,0.0,a,a,a,1043
64,2018,13,1,7.4,100.0,0.0,0.0,0.0,0.0,0.0,0.0,2,0,0,23845190,18359097,5486093,55,20,18,7,50.0,25.0,12.0,10,3.0,60.0,22.0,15.0,3.0,0.0,0.0,a,a,a,1044
64,2019,13,1,7.4,100.0,0.0,0.0,0.0,0.0,0.0,0.0,5,0,0,21799303,26895488,-5096185,55,20,18,7,50.0,25.0,12.0,10,3.0,60.0,22.0,15.0,3.0,0.0,0.0,a,a,a,1044
64,2020,13,1,7.4,100.0,0.0,0.0,0.0,0.0,0.0,0.0,4,0,0,17084621,15162723,1921898,55,20,18,7,50.0,25.0,12.0,10,3.0,60.0,22.0,15.0,3.0,0.0,0.0,a,a,a,1044
64,2021,13,1,7.4,100.0,0.0,0.0,0.0,0.0,0.0,0.0,5,0,0,37777207,33546957,4230250,55,20,18,7,50.0,25.0,12.0,10,3.0,60.0,22.0,15.0,3.0,0.0,0.0,a,a,a,1044
64,2022,13,1,7.4,100.0,0.0,0.0,0.0,0.0,0.0,0.0,4,0,0,34513175,28981904,5531271,55,20,18,7,50.0,25.0,12.0,10,3.0,60.0,22.0,15.0,3.0,0.0,0.0,a,a,a,1044
36,2022,13,2,7.5,100.0,0.0,0.0,0.0,0.0,0.0,0.0,6,0,0,173603476,122547165,51056311,55,20,18,7,50.0,25.0,12.0,10,3.0,60.0,22.0,15.0,3.0,48.4,6.5,a,a,a,1045
32,2020,18,2,7.6,100.0,0.0,0.0,0.0,0.0,0.0,0.0,6,0,0,36868692,29716162,7152530,58,21,19,2,50.0,25.0,12.0,10,3.0,62.0,23.0,15.0,0.0,0.0,0.0,a,a,a,1046
13,2022,10,1,7.7,100.0,0.0,0.0,0.0,0.0,0.0,0.0,5,0,0,16850326,14040159,2810167,58,21,19,2,50.0,25.0,12.0,10,3.0,62.0,23.0,15.0,0.0,0.0,0.0,a,a,a,1047
35,2018,26,1,7.8,100.0,0.0,0.0,0.0,0.0,0.0,0.0,6,0,0,16172831,17181851,-1009020,55,20,18,7,50.0,25.0,12.0,10,3.0,62.0,23.0,15.0,0.0,0.0,0.0,a,a,a,1048
35,2019,26,1,7.8,100.0,0.0,0.0,0.0,0.0,0.0,0.0,1,0,0,13356208,12258889,1097319,55,20,18,7,50.0,25.0,12.0,10,3.0,62.0,23.0,15.0,0.0,0.0,0.0,a,a,a,1048
35,2020,26,1,7.8,100.0,0.0,0.0,0.0,0.0,0.0,0.0,3,0,0,15712534,14187904,1524630,55,20,18,7,50.0,25.0,12.0,10,3.0,62.0,23.0,15.0,0.0,0.0,0.0,a,a,a,1048
35,2021,26,1,7.8,100.0,0.0,0.0,0.0,0.0,0.0,0.0,6,0,0,17388612,14417022,2971590,55,20,18,7,50.0,25.0,12.0,10,3.0,62.0,23.0,15.0,0.0,0.0,0.0,a,a,a,1048
21,2020,25,1,7.9,100.0,0.0,0.0,0.0,0.0,0.0,0.0,1,0,0,29399212,22371110,7028102,58,21,19,2,50.0,25.0,12.0,10,3.0,62.0,23.0,15.0,0.0,0.0,0.0,a,a,a,1049
21,2021,25,1,7.9,100.0,0.0,0.0,0.0,0.0,0.0,0.0,6,0,0,18451187,17671158,780029,58,21,19,2,50.0,25.0,12.0,10,3.0,62.0,23.0,15.0,0.0,0.0,0.0,a,a,a,1049
21,2022,25,1,7.9,100.0,0.0,0.0,0.0,0.0,0.0,0.0,1,0,0,30593582,34266768,-3673186,58,21,19,2,50.0,25.0,12.0,10,3.0,62.0,23.0,15.0,0.0,0.0,0.0,a,a,a,1049
52,2022,11,2,1.0,100.0,0.0,0.0,0.0,0.0,0.0,0.0,2,0,0,68701471,54521614,14179857,58,21,19,2,50.0,25.0,12.0,10,3.0,62.0,23.0,15.0,0.0,0.0,0.0,a,a,a,1050
32,2019,23,2,1.1,100.0,0.0,0.0,0.0,0.0,0.0,0.0,1,0,0,31062491,29170389,1892102,58,21,19,2,50.0,25.0,12.0,10,3.0,62.0,23.0,15.0,0.0,27.7,21.2,a,a,a,1051
32,2020,23,2,1.1,100.0,0.0,0.0,0.0,0.0,0.0,0.0,2,0,0,25115055,22961170,2153885,58,21,19,2,50.0,25.0,12.0,10,3.0,62.0,23.0,15.0,0.0,16.9,35.3,a,a,a,1051
32,2021,23,2,1.1,100.0,0.0,0.0,0.0,0.0,0.0,0.0,4,0,0,25425784,23427136,1998648,58,21,19,2,50.0,25.0,12.0,10,3.0,62.0,23.0,15.0,0.0,20.8,7.6,a,a,a,1051
32,2022,23,2,1.1,100.0,0.0,0.0,0.0,0.0,0.0,0.0,2,0,0,26882470,25844151,1038319,58,21,19,2,50.0,25.0,12.0,10,3.0,62.0,23.0,15.0,0.0,38.4,11.1,a,a,a,1051
35,2019,25,1,1.2,100.0,0.0,0.0,0.0,0.0,0.0,0.0,3,0,0,9260187,8372705,887482,58,21,19,2,50.0,25.0,12.0,10,3.0,62.0,23.0,15.0,0.0,0.0,0.0,a,a,a,1052
35,2020,25,1,1.2,100.0,0.0,0.0,0.0,0.0,0.0,0.0,2,0,0,13222624,9700099,3522525,58,21,19,2,50.0,25.0,12.0,10,3.0,62.0,23.0,15.0,0.0,0.0,0.0,a,a,a,1052
35,2021,25,1,1.2,100.0,0.0,0.0,0.0,0.0,0.0,0.0,4,0,0,8440185,7936501,503684,58,21,19,2,50.0,25.0,12.0,10,3.0,62.0,23.0,15.0,0.0,0.0,0.0,a,a,a,1052
35,2022,25,1,1.2,100.0,0.0,0.0,0.0,0.0,0.0,0.0,2,0,0,15640732,11984786,3655946,58,21,19,2,50.0,25.0,12.0,10,3.0,62.0,23.0,15.0,0.0,0.0,0.0,a,a,a,1052
51,2018,22,2,1.3,100.0,0.0,0.0,0.0,0.0,0.0,0.0,4,0,0,42574842,31905459,10669383,58,21,19,2,50.0,25.0,12.0,10,3.0,62.0,23.0,15.0,0.0,0.0,0.0,a,a,a,1053
94,2018,13,2,1.4,84.0,6.4,4.8,1.6,1.6,0.8,0.8,,32622498,0,36356497,31986037,4370460,55,20,18,7,50.0,25.0,12.0,10,3.0,60.0,22.0,15.0,3.0,0.0,0.0,a,a,a,1054
94,2019,13,2,1.4,63.5,14.6,11.0,3.6,3.6,1.8,1.9,,17028383,0,31475939,25294328,6181611,55,20,18,7,50.0,25.0,12.0,10,3.0,60.0,22.0,15.0,3.0,0.0,0.0,a,a,a,1054
94,2020,13,2,1.4,41.8,23.3,17.5,5.8,5.8,2.9,2.9,,38472492,0,48049186,50145466,-2096280,55,20,18,7,50.0,25.0,12.0,10,3.0,60.0,22.0,15.0,3.0,0.0,0.0,a,a,a,1054
94,2021,13,2,1.4,57.9,16.8,12.6,4.2,4.2,2.1,2.2,,54717349,0,45349519,41424775,3924744,55,20,18,7,50.0,25.0,12.0,10,3.0,60.0,22.0,15.0,3.0,0.0,0.0,a,a,a,1054
94,2022,13,2,1.4,32.1,27.2,20.4,6.8,6.8,3.4,3.3,,51061431,0,42936797,36489669,6447128,55,20,18,7,50.0,25.0,12.0,10,3.0,60.0,22.0,15.0,3.0,0.0,0.0,a,a,a,1054
14,2018,29,2,1.5,71.3,11.5,8.6,2.9,2.9,1.4,1.4,,31381689,0,35677940,27594717,8083223,58,21,19,2,50.0,25.0,12.0,10,3.0,62.0,23.0,15.0,0.0,0.0,0.0,a,a,a,1055
14,2019,29,2,1.5,64.9,14.0,10.5,3.5,3.5,1.8,1.8,,16610383,0,38707914,29331279,9376635,58,21,19,2,50.0,25.0,12.0,10,3.0,62.0,23.0,15.0,0.0,0.0,0.0,a,a,a,1055
14,2020,29,2,1.5,54.5,18.2,13.6,4.6,4.6,2.3,2.2,,36424973,0,35999600,28700002,7299598,58,21,19,2,50.0,25.0,12.0,10,3.0,62.0,23.0,15.0,0.0,0.0,0.0,a,a,a,1055
14,2021,29,2,1.5,46.1,21.6,16.2,5.4,5.4,2.7,2.6,,15578692,0,34827654,29700370,5127284,58,21,19,2,50.0,25.0,12.0,10,3.0,62.0,23.0,15.0,0.0,0.0,0.0,a,a,a,1055
14,2022,29,2,1.5,78.8,8.5,6.4,2.1,2.1,1.1,1.0,,60509522,0,45346177,39765554,5580623,58,21,19,2,50.0,25.0,12.0,10,3.0,62.0,23.0,15.0,0.0,0.0,0.0,a,a,a,1055
71,2018,30,1,1.6,100.0,0.0,0.0,0.0,0.0,0.0,0.0,1,0,0,6514580,5417389,1097191,58,21,19,2,50.0,25.0,12.0,10,3.0,62.0,23.0,15.0,0.0,5.9,4.2,a,a,a,1056
71,2019,30,1,1.6,100.0,0.0,0.0,0.0,0.0,0.0,0.0,5,0,0,14838131,10881401,3956730,58,21,19,2,50.0,25.0,12.0,10,3.0,62.0,23.0,15.0,0.0,9.3,0.8,a,a,a,1056
71,2020,30,1,1.6,100.0,0.0,0.0,0.0,0.0,0.0,0.0,6,0,0,10079362,9763589,315773,58,21,19,2,50.0,25.0,12.0,10,3.0,62.0,23.0,15.0,0.0,10.1,34.0,a,a,a,1056
71,2021,30,1,1.6,100.0,0.0,0.0,0.0,0.0,0.0,0.0,3,0,0,9711291,7038235,2673056,58,21,19,2,50.0,25.0,12.0,10,3.0,62.0,23.0,15.0,0.0,20.0,5.6,a,a,a,1056
71,2022,30,1,1.6,100.0,0.0,0.0,0.0,0.0,0.0,0.0,6,0,0,13236843,15325307,-2088464,58,21,19,2,50.0,25.0,12.0,10,3.0,62.0,23.0,15.0,0.0,26.1,15.9,a,a,a,1056
33,2018,31,1,1.7,100.0,0.0,0.0,0.0,0.0,0.0,0.0,4,0,0,23114413,22016522,1097891,58,21,19,2,50.0,25.0,12.0,10,3.0,62.0,23.0,15.0,0.0,0.0,0.0,a,a,a,1057
33,2019,31,1,1.7,100.0,0.0,0.0,0.0,0.0,0.0,0.0,3,0,0,23679585,20336308,3343277,58,21,19,2,50.0,25.0,12.0,10,3.0,62.0,23.0,15.0,0.0,0.0,0.0,a,a,a,1057
33,2020,31,1,1.7,100.0,0.0,0.0,0.0,0.0,0.0,0.0,1,0,0,20332091,18374006,1958085,58,21,19,2,50.0,25.0,12.0,10,3.0,62.0,23.0,15.0,0.0,0.0,0.0,a,a,a,1057
33,2021,31,1,1.7,100.0,0.0,0.0,0.0,0.0,0.0,0.0,3,0,0,23001521,22270259,731262,58,21,19,2,50.0,25.0,12.0,10,3.0,62.0,23.0,15.0,0.0,0.0,0.0,a,a,a,1057
33,2022,31,1,1.7,100.0,0.0,0.0,0.0,0.0,0.0,0.0,1,0,0,31116689,25675947,5440742,58,21,19,2,50.0,25.0,12.0,10,3.0,62.0,23.0,15.0,0.0,0.0,0.0,a,a,a,1057
32,2021,23,2,1.8,100.0,0.0,0.0,0.0,0.0,0.0,0.0,6,0,0,22028416,18444658,3583758,58,21,19,2,50.0,25.0,12.0,10,3.0,62.0,23.0,15.0,0.0,0.0,0.0,a,a,a,1058
32,2022,23,2,1.8,100.0,0.0,0.0,0.0,0.0,0.0,0.0,2,0,0,34324395,32121559,2202836,58,21,19,2,50.0,25.0,12.0,10,3.0,62.0,23.0,15.0,0.0,0.0,0.0,a,a,a,1058
32,2018,11,1,1.9,100.0,0.0,0.0,0.0,0.0,0.0,0.0,3,0,0,11855515,7794957,4060558,58,21,19,2,50.0,25.0,12.0,10,3.0,62.0,23.0,15.0,0.0,10.2,10.0,a,a,a,1059
32,2019,11,1,1.9,100.0,0.0,0.0,0.0,0.0,0.0,0.0,4,0,0,17854481,10521758,7332723,58,21,19,2,50.0,25.0,12.0,10,3.0,62.0,23.0,15.0,0.0,33.8,0.0,a,a,a,1059
32,2020,11,1,1.9,100.0,0.0,0.0,0.0,0.0,0.0,0.0,4,0,0,13128865,6454872,6673993,58,21,19,2,50.0,25.0,12.0,10,3.0,62.0,23.0,15.0,0.0,20.2,7.0,a,a,a,1059
35,2018,25,1,2.0,100.0,0.0,0.0,0.0,0.0,0.0,0.0,2,0,0,10794733,10073590,721143,58,21,19,2,50.0,25.0,12.0,10,3.0,62.0,23.0,15.0,0.0,0.0,0.0,a,a,a,1060
35,2019,25,1,2.0,100.0,0.0,0.0,0.0,0.0,0.0,0.0,1,0,0,9839690,7683219,2156471,58,21,19,2,50.0,25.0,12.0,10,3.0,62.0,23.0,15.0,0.0,0.0,0.0,a,a,a,1060
35,2020,25,1,2.0,100.0,0.0,0.0,0.0,0.0,0.0,0.0,5,0,0,7559415,5730534,1828881,58,21,19,2,50.0,25.0,12.0,10,3.0,62.0,23.0,15.0,0.0,0.0,0.0,a,a,a,1060
35,2021,25,1,2.0,100.0,0.0,0.0,0.0,0.0,0.0,0.0,1,0,0,13440092,11997681,1442411,58,21,19,2,50.0,25.0,12.0,10,3.0,62.0,23.0,15.0,0.0,0.0,0.0,a,a,a,1060
35,2022,25,1,2.0,100.0,0.0,0.0,0.0,0.0,0.0,0.0,1,0,0,7779978,7147035,632943,58,21,19,2,50.0,25.0,12.0,10,3.0,62.0,23.0,15.0,0.0,0.0,0.0,a,a,a,1060
14,2018,12,1,2.1,100.0,0.0,0.0,0.0,0.0,0.0,0.0,3,0,0,28280621,22797191,5483430,58,21,19,2,50.0,25.0,12.0,10,3.0,62.0,23.0,15.0,0.0,0.0,0.0,a,a,a,1061
14,2019,12,1,2.1,100.0,0.0,0.0,0.0,0.0,0.0,0.0,1,0,0,39738214,15522149,24216065,58,21,19,2,50.0,25.0,12.0,10,3.0,62.0,23.0,15.0,0.0,0.0,0.0,a,a,a,1061
14,2020,12,1,2.1,100.0,0.0,0.0,0.0,0.0,0.0,0.0,2,0,0,31650605,19196024,12454581,58,21,19,2,50.0,25.0,12.0,10,3.0,62.0,23.0,15.0,0.0,0.0,0.0,a,a,a,1061
14,2021,12,1,2.1,100.0,0.0,0.0,0.0,0.0,0.0,0.0,3,0,0,28587794,16779553,11808241,58,21,19,2,50.0,25.0,12.0,10,3.0,62.0,23.0,15.0,0.0,0.0,0.0,a,a,a,1061
14,2022,12,1,2.1,100.0,0.0,0.0,0.0,0.0,0.0,0.0,3,0,0,42676725,18156421,24520304,58,21,19,2,50.0,25.0,12.0,10,3.0,62.0,23.0,15.0,0.0,0.0,0.0,a,a,a,1061
32,2018,31,1,2.2,100.0,0.0,0.0,0.0,0.0,0.0,0.0,5,0,0,11503603,8482431,3021172,58,21,19,2,50.0,25.0,12.0,10,3.0,62.0,23.0,15.0,0.0,0.0,0.0,a,a,a,1062
32,2019,31,1,2.2,100.0,0.0,0.0,0.0,0.0,0.0,0.0,3,0,0,17240270,13951809,3288461,58,21,19,2,50.0,25.0,12.0,10,3.0,62.0,23.0,15.0,0.0,0.0,0.0,a,a,a,1062
32,2020,31,1,2.2,100.0,0.0,0.0,0.0,0.0,0.0,0.0,1,0,0,12956738,10071794,2884944,58,21,19,2,50.0,25.0,12.0,10,3.0,62.0,23.0,15.0,0.0,0.0,0.0,a,a,a,1062
32,2021,31,1,2.2,100.0,0.0,0.0,0.0,0.0,0.0,0.0,1,0,0,15189868,12195908,2993960,58,21,19,2,50.0,25.0,12.0,10,3.0,62.0,23.0,15.0,0.0,0.0,0.0,a,a,a,1062
32,2022,31,1,2.2,100.0,0.0,0.0,0.0,0.0,0.0,0.0,4,0,0,19341053,18599060,741993,58,21,19,2,50.0,25.0,12.0,10,3.0,62.0,23.0,15.0,0.0,0.0,0.0,a,a,a,1062
35,2018,23,1,2.3,60.1,16.0,12.0,4.0,4.0,2.0,1.9,,14055296,0,11906888,5722932,6183956,58,21,19,2,50.0,25.0,12.0,10,3.0,62.0,23.0,15.0,0.0,0.0,0.0,a,a,a,1063
35,2019,23,1,2.3,95.0,2.0,1.5,0.5,0.5,0.2,0.3,,13295989,0,14460695,6652146,7808549,58,21,19,2,50.0,25.0,12.0,10,3.0,62.0,23.0,15.0,0.0,0.0,0.0,a,a,a,1063
35,2020,23,1,2.3,95.0,2.0,1.5,0.5,0.5,0.2,0.3,,7312829,0,10899582,6514030,4385552,58,21,19,2,50.0,25.0,12.0,10,3.0,62.0,23.0,15.0,0.0,0.0,0.0,a,a,a,1063
35,2021,23,1,2.3,51.9,19.2,14.4,4.8,4.8,2.4,2.5,,7989953,0,11224922,6603254,4621668,58,21,19,2,50.0,25.0,12.0,10,3.0,62.0,23.0,15.0,0.0,0.0,0.0,a,a,a,1063
35,2022,23,1,2.3,45.9,21.6,16.2,5.4,5.4,2.7,2.8,,3955499,0,14640500,8570080,6070420,58,21,19,2,50.0,25.0,12.0,10,3.0,62.0,23.0,15.0,0.0,0.0,0.0,a,a,a,1063
33,2018,15,1,2.4,100.0,0.0,0.0,0.0,0.0,0.0,0.0,1,0,0,20517575,18671754,1845821,58,21,19,2,50.0,25.0,12.0,10,3.0,60.0,22.0,15.0,3.0,0.0,0.0,a,a,a,1064
33,2019,15,1,2.4,100.0,0.0,0.0,0.0,0.0,0.0,0.0,6,0,0,22169883,17903073,4266810,58,21,19,2,50.0,25.0,12.0,10,3.0,60.0,22.0,15.0,3.0,0.0,0.0,a,a,a,1064
33,2020,15,1,2.4,100.0,0.0,0.0,0.0,0.0,0.0,0.0,3,0,0,16861478,14476684,2384794,58,21,19,2,50.0,25.0,12.0,10,3.0,60.0,22.0,15.0,3.0,0.0,0.0,a,a,a,1064
33,2021,15,1,2.4,100.0,0.0,0.0,0.0,0.0,0.0,0.0,5,0,0,17614297,20819097,-3204800,58,21,19,2,50.0,25.0,12.0,10,3.0,60.0,22.0,15.0,3.0,0.0,0.0,a,a,a,1064
33,2022,15,1,2.4,100.0,0.0,0.0,0.0,0.0,0.0,0.0,6,0,0,24525771,19254440,5271331,58,21,19,2,50.0,25.0,12.0,10,3.0,60.0,22.0,15.0,3.0,0.0,0.0,a,a,a,1064
91,2018,10,1,2.5,100.0,0.0,0.0,0.0,0.0,0.0,0.0,2,0,0,35985552,42470752,-6485200,58,21,19,2,50.0,25.0,12.0,10,3.0,62.0,23.0,15.0,0.0,0.0,0.0,a,a,a,1065
91,2019,10,1,2.5,100.0,0.0,0.0,0.0,0.0,0.0,0.0,2,0,0,35905232,31596480,4308752,58,21,19,2,50.0,25.0,12.0,10,3.0,62.0,23.0,15.0,0.0,0.0,0.0,a,a,a,1065
91,2020,10,1,2.5,100.0,0.0,0.0,0.0,0.0,0.0,0.0,5,0,0,35790906,27795497,7995409,58,21,19,2,50.0,25.0,12.0,10,3.0,62.0,23.0,15.0,0.0,0.0,0.0,a,a,a,1065
91,2021,10,1,2.5,100.0,0.0,0.0,0.0,0.0,0.0,0.0,2,0,0,61714076,46348232,15365844,58,21,19,2,50.0,25.0,12.0,10,3.0,62.0,23.0,15.0,0.0,0.0,0.0,a,a,a,1065
91,2022,10,1,2.5,100.0,0.0,0.0,0.0,0.0,0.0,0.0,3,0,0,82223507,60279465,21944042,58,21,19,2,50.0,25.0,12.0,10,3.0,62.0,23.0,15.0,0.0,0.0,0.0,a,a,a,1065
34,2018,10,1,2.6,100.0,0.0,0.0,0.0,0.0,0.0,0.0,4,0,0,12406326,15363051,-2956725,58,21,19,2,50.0,25.0,12.0,10,3.0,62.0,23.0,15.0,0.0,0.0,0.0,a,a,a,1066
34,2019,10,1,2.6,100.0,0.0,0.0,0.0,0.0,0.0,0.0,1,0,0,13666307,12364684,1301623,58,21,19,2,50.0,25.0,12.0,10,3.0,62.0,23.0,15.0,0.0,0.0,0.0,a,a,a,1066
34,2020,10,1,2.6,100.0,0.0,0.0,0.0,0.0,0.0,0.0,4,0,0,13887393,15962175,-2074782,58,21,19,2,50.0,25.0,12.0,10,3.0,62.0,23.0,15.0,0.0,0.0,0.0,a,a,a,1066
34,2021,10,1,2.6,100.0,0.0,0.0,0.0,0.0,0.0,0.0,1,0,0,16852037,12973679,3878358,58,21,19,2,50.0,25.0,12.0,10,3.0,62.0,23.0,15.0,0.0,0.0,0.0,a,a,a,1066
34,2022,10,1,2.6,100.0,0.0,0.0,0.0,0.0,0.0,0.0,6,0,0,21187976,17947502,3240474,58,21,19,2,50.0,25.0,12.0,10,3.0,62.0,23.0,15.0,0.0,0.0,0.0,a,a,a,1066
34,2019,16,2,2.7,100.0,0.0,0.0,0.0,0.0,0.0,0.0,2,0,0,98991832,94003154,4988678,58,21,19,2,50.0,25.0,12.0,10,3.0,62.0,23.0,15.0,0.0,57.8,42.5,a,a,a,1067
34,2020,16,2,2.7,100.0,0.0,0.0,0.0,0.0,0.0,0.0,2,0,0,100693178,103236473,-2543295,58,21,19,2,50.0,25.0,12.0,10,3.0,62.0,23.0,15.0,0.0,35.0,22.7,a,a,a,1067
34,2021,16,2,2.7,100.0,0.0,0.0,0.0,0.0,0.0,0.0,1,0,0,111292696,104265978,7026718,58,21,19,2,50.0,25.0,12.0,10,3.0,62.0,23.0,15.0,0.0,3.9,20.3,a,a,a,1067
32,2019,23,1,2.8,100.0,0.0,0.0,0.0,0.0,0.0,0.0,6,0,0,7538272,6253501,1284771,58,21,19,2,50.0,25.0,12.0,10,3.0,62.0,23.0,15.0,0.0,0.0,0.0,a,a,a,1068
32,2020,23,1,2.8,100.0,0.0,0.0,0.0,0.0,0.0,0.0,4,0,0,9496823,8228209,1268614,58,21,19,2,50.0,25.0,12.0,10,3.0,62.0,23.0,15.0,0.0,0.0,0.0,a,a,a,1068
32,2021,23,1,2.8,100.0,0.0,0.0,0.0,0.0,0.0,0.0,2,0,0,7667500,6592227,1075273,58,21,19,2,50.0,25.0,12.0,10,3.0,62.0,23.0,15.0,0.0,0.0,0.0,a,a,a,1068
31,2018,10,2,2.9,100.0,0.0,0.0,0.0,0.0,0.0,0.0,1,0,0,34118681,42313743,-8195062,58,21,19,2,50.0,25.0,12.0,10,3.0,62.0,23.0,15.0,0.0,25.4,12.1,a,a,a,1069
31,2019,10,2,2.9,100.0,0.0,0.0,0.0,0.0,0.0,0.0,5,0,0,46864311,35057392,11806919,58,21,19,2,50.0,25.0,12.0,10,3.0,62.0,23.0,15.0,0.0,28.3,19.9,a,a,a,1069
31,2020,10,2,2.9,100.0,0.0,0.0,0.0,0.0,0.0,0.0,1,0,0,23329312,20835150,2494162,58,21,19,2,50.0,25.0,12.0,10,3.0,62.0,23.0,15.0,0.0,10.2,10.5,a,a,a,1069
31,2021,10,2,2.9,100.0,0.0,0.0,0.0,0.0,0.0,0.0,3,0,0,23790666,18952933,4837733,58,21,19,2,50.0,25.0,12.0,10,3.0,62.0,23.0,15.0,0.0,30.4,11.6,a,a,a,1069
31,2022,10,2,2.9,100.0,0.0,0.0,0.0,0.0,0.0,0.0,6,0,0,18606496,14713359,3893137,58,21,19,2,50.0,25.0,12.0,10,3.0,62.0,23.0,15.0,0.0,30.4,9.7,a,a,a,1069
62,2019,18,2,3.0,20.0,32.0,24.0,8.0,8.0,4.0,4.0,,16212262,0,33538576,27786303,5752273,58,21,19,2,50.0,25.0,12.0,10,3.0,62.0,23.0,15.0,0.0,0.0,0.0,b,a,a,1070
62,2020,18,2,3.0,66.8,13.3,10.0,3.3,3.3,1.7,1.6,,36826966,0,47625727,38252372,9373355,58,21,19,2,50.0,25.0,12.0,10,3.0,62.0,23.0,15.0,0.0,0.0,0.0,a,a,a,1070
62,2021,18,2,3.0,81.7,7.3,5.5,1.8,1.8,0.9,1.0,,39397444,0,80783445,59783722,20999723,58,21,19,2,50.0,25.0,12.0,10,3.0,62.0,23.0,15.0,0.0,0.0,0.0,a,a,a,1070
62,2022,18,2,3.0,54.5,18.2,13.6,4.6,4.6,2.3,2.2,,100480596,0,79495250,98305148,-18809898,58,21,19,2,50.0,25.0,12.0,10,3.0,62.0,23.0,15.0,0.0,0.0,0.0,a,a,a,1070
61,2022,25,2,3.1,100.0,0.0,0.0,0.0,0.0,0.0,0.0,4,0,0,21775532,17860546,3914986,58,21,19,2,50.0,25.0,12.0,10,3.0,62.0,23.0,15.0,0.0,0.0,0.0,a,a,a,1071
15,2022,20,1,3.2,100.0,0.0,0.0,0.0,0.0,0.0,0.0,6,0,0,34686284,24668371,10017913,55,20,18,7,50.0,25.0,12.0,10,3.0,62.0,23.0,15.0,0.0,0.0,0.0,a,a,a,1072
33,2018,22,1,3.3,100.0,0.0,0.0,0.0,0.0,0.0,0.0,6,0,0,17563578,15235410,2328168,58,21,19,2,50.0,25.0,12.0,10,3.0,62.0,23.0,15.0,0.0,0.0,0.0,a,a,a,1073
33,2019,22,1,3.3,100.0,0.0,0.0,0.0,0.0,0.0,0.0,6,0,0,18993591,13713087,5280504,58,21,19,2,50.0,25.0,12.0,10,3.0,62.0,23.0,15.0,0.0,0.0,0.0,a,a,a,1073
33,2020,22,1,3.3,100.0,0.0,0.0,0.0,0.0,0.0,0.0,1,0,0,19610072,14415099,5194973,58,21,19,2,50.0,25.0,12.0,10,3.0,62.0,23.0,15.0,0.0,0.0,0.0,a,a,a,1073
33,2021,22,1,3.3,100.0,0.0,0.0,0.0,0.0,0.0,0.0,2,0,0,21577909,17086208,4491701,58,21,19,2,50.0,25.0,12.0,10,3.0,62.0,23.0,15.0,0.0,0.0,0.0,a,a,a,1073
33,2022,22,1,3.3,100.0,0.0,0.0,0.0,0.0,0.0,0.0,2,0,0,17657456,14952088,2705368,58,21,19,2,50.0,25.0,12.0,10,3.0,62.0,23.0,15.0,0.0,0.0,0.0,a,a,a,1073
31,2022,31,1,3.4,100.0,0.0,0.0,0.0,0.0,0.0,0.0,4,0,0,18184713,16917490,1267223,58,21,19,2,50.0,25.0,12.0,10,3.0,62.0,23.0,15.0,0.0,0.0,0.0,a,a,a,1074
35,2019,14,2,3.5,100.0,0.0,0.0,0.0,0.0,0.0,0.0,5,0,0,34199491,26792085,7407406,58,21,19,2,50.0,25.0,12.0,10,3.0,60.0,22.0,15.0,3.0,0.0,0.0,a,a,a,1075
35,2020,14,2,3.5,100.0,0.0,0.0,0.0,0.0,0.0,0.0,6,0,0,32217049,37439817,-5222768,58,21,19,2,50.0,25.0,12.0,10,3.0,60.0,22.0,15.0,3.0,0.0,0.0,a,a,a,1075
35,2021,14,2,3.5,100.0,0.0,0.0,0.0,0.0,0.0,0.0,5,0,0,30287623,22396818,7890805,58,21,19,2,50.0,25.0,12.0,10,3.0,60.0,22.0,15.0,3.0,0.0,0.0,a,a,a,1075
35,2022,14,2,3.5,100.0,0.0,0.0,0.0,0.0,0.0,0.0,1,0,0,43846987,34304538,9542449,58,21,19,2,50.0,25.0,12.0,10,3.0,60.0,22.0,15.0,3.0,0.0,0.0,a,a,a,1075
35,2019,31,1,3.6,100.0,0.0,0.0,0.0,0.0,0.0,0.0,4,0,0,13477392,9950732,3526660,58,21,19,2,50.0,25.0,12.0,10,3.0,62.0,23.0,15.0,0.0,0.0,0.0,a,a,a,1076
35,2020,31,1,3.6,100.0,0.0,0.0,0.0,0.0,0.0,0.0,1,0,0,20671293,18664436,2006857,58,21,19,2,50.0,25.0,12.0,10,3.0,62.0,23.0,15.0,0.0,0.0,0.0,a,a,a,1076
35,2021,31,1,3.6,100.0,0.0,0.0,0.0,0.0,0.0,0.0,4,0,0,18457538,16661261,1796277,58,21,19,2,50.0,25.0,12.0,10,3.0,62.0,23.0,15.0,0.0,0.0,0.0,a,a,a,1076
35,2022,31,1,3.6,100.0,0.0,0.0,0.0,0.0,0.0,0.0,6,0,0,31853141,24695404,7157737,58,21,19,2,50.0,25.0,12.0,10,3.0,62.0,23.0,15.0,0.0,0.0,0.0,a,a,a,1076
32,2022,20,1,3.7,100.0,0.0,0.0,0.0,0.0,0.0,0.0,4,0,0,24774056,20360037,4414019,55,20,18,7,50.0,25.0,12.0,10,3.0,62.0,23.0,15.0,0.0,0.0,0.0,a,a,a,1077
33,2018,14,1,3.8,100.0,0.0,0.0,0.0,0.0,0.0,0.0,3,0,0,16718667,17463570,-744903,58,21,19,2,50.0,25.0,12.0,10,3.0,60.0,22.0,15.0,3.0,1.0,14.3,a,a,a,1078
33,2019,14,1,3.8,100.0,0.0,0.0,0.0,0.0,0.0,0.0,3,0,0,19959989,14733793,5226196,58,21,19,2,50.0,25.0,12.0,10,3.0,60.0,22.0,15.0,3.0,26.3,9.0,a,a,a,1078
33,2020,14,1,3.8,100.0,0.0,0.0,0.0,0.0,0.0,0.0,2,0,0,19222333,13932465,5289868,58,21,19,2,50.0,25.0,12.0,10,3.0,60.0,22.0,15.0,3.0,24.0,0.0,a,a,a,1078
33,2021,14,1,3.8,100.0,0.0,0.0,0.0,0.0,0.0,0.0,4,0,0,20315114,19410575,904539,58,21,19,2,50.0,25.0,12.0,10,3.0,60.0,22.0,15.0,3.0,26.0,6.3,a,a,a,1078
33,2022,14,1,3.8,100.0,0.0,0.0,0.0,0.0,0.0,0.0,5,0,0,21782671,18048984,3733687,58,21,19,2,50.0,25.0,12.0,10,3.0,60.0,22.0,15.0,3.0,17.9,10.0,a,a,a,1078
32,2020,22,1,3.9,100.0,0.0,0.0,0.0,0.0,0.0,0.0,3,0,0,26166963,21130555,5036408,58,21,19,2,50.0,25.0,12.0,10,3.0,62.0,23.0,15.0,0.0,0.0,0.0,a,a,a,1079
32,2021,22,1,3.9,100.0,0.0,0.0,0.0,0.0,0.0,0.0,1,0,0,20014069,14239894,5774175,58,21,19,2,50.0,25.0,12.0,10,3.0,62.0,23.0,15.0,0.0,0.0,0.0,a,a,a,1079
32,2022,22,1,3.9,100.0,0.0,0.0,0.0,0.0,0.0,0.0,6,0,0,24857644,17847803,7009841,58,21,19,2,50.0,25.0,12.0,10,3.0,62.0,23.0,15.0,0.0,0.0,0.0,a,a,a,1079
12,2018,10,1,4.0,100.0,0.0,0.0,0.0,0.0,0.0,0.0,5,0,0,20150574,16427293,3723281,58,21,19,2,50.0,25.0,12.0,10,3.0,62.0,23.0,15.0,0.0,0.0,0.0,a,a,a,1080
12,2019,10,1,4.0,100.0,0.0,0.0,0.0,0.0,0.0,0.0,2,0,0,24230842,21970487,2260355,58,21,19,2,50.0,25.0,12.0,10,3.0,62.0,23.0,15.0,0.0,0.0,0.0,a,a,a,1080
12,2020,10,1,4.0,100.0,0.0,0.0,0.0,0.0,0.0,0.0,3,0,0,18984646,16483733,2500913,58,21,19,2,50.0,25.0,12.0,10,3.0,62.0,23.0,15.0,0.0,0.0,0.0,a,a,a,1080
12,2021,10,1,4.0,100.0,0.0,0.0,0.0,0.0,0.0,0.0,4,0,0,21772399,26545310,-4772911,58,21,19,2,50.0,25.0,12.0,10,3.0,62.0,23.0,15.0,0.0,0.0,0.0,a,a,a,1080
12,2022,10,1,4.0,100.0,0.0,0.0,0.0,0.0,0.0,0.0,4,0,0,23620854,18214227,5406627,58,21,19,2,50.0,25.0,12.0,10,3.0,62.0,23.0,15.0,0.0,0.0,0.0,a,a,a,1080
35,2018,25,1,4.1,100.0,0.0,0.0,0.0,0.0,0.0,0.0,1,0,0,25083538,14521410,10562128,58,21,19,2,50.0,25.0,12.0,10,3.0,62.0,23.0,15.0,0.0,0.0,0.0,a,a,a,1081
35,2019,25,1,4.1,100.0,0.0,0.0,0.0,0.0,0.0,0.0,1,0,0,27900535,17950451,9950084,58,21,19,2,50.0,25.0,12.0,10,3.0,62.0,23.0,15.0,0.0,0.0,0.0,a,a,a,1081
35,2020,25,1,4.1,100.0,0.0,0.0,0.0,0.0,0.0,0.0,4,0,0,23656127,11467374,12188753,58,21,19,2,50.0,25.0,12.0,10,3.0,62.0,23.0,15.0,0.0,0.0,0.0,a,a,a,1081
35,2021,25,1,4.1,100.0,0.0,0.0,0.0,0.0,0.0,0.0,6,0,0,24737228,13336903,11400325,58,21,19,2,50.0,25.0,12.0,10,3.0,62.0,23.0,15.0,0.0,0.0,0.0,a,a,a,1081
35,2022,25,1,4.1,100.0,0.0,0.0,0.0,0.0,0.0,0.0,2,0,0,14066833,8259497,5807336,58,21,19,2,50.0,25.0,12.0,10,3.0,62.0,23.0,15.0,0.0,0.0,0.0,a,a,a,1081
36,2021,17,2,4.2,100.0,0.0,0.0,0.0,0.0,0.0,0.0,3,0,0,48585227,45478613,3106614,58,21,19,2,50.0,25.0,12.0,10,3.0,62.0,23.0,15.0,0.0,0.0,0.0,a,a,a,1082
36,2022,17,2,4.2,100.0,0.0,0.0,0.0,0.0,0.0,0.0,1,0,0,58510008,60661714,-2151706,58,21,19,2,50.0,25.0,12.0,10,3.0,62.0,23.0,15.0,0.0,0.0,0.0,a,a,a,1082
18,2018,10,1,4.3,100.0,0.0,0.0,0.0,0.0,0.0,0.0,3,0,0,15685611,11240347,4445264,58,21,19,2,50.0,25.0,12.0,10,3.0,62.0,23.0,15.0,0.0,0.0,0.0,a,a,a,1083
18,2019,10,1,4.3,100.0,0.0,0.0,0.0,0.0,0.0,0.0,3,0,0,20302808,16589128,3713680,58,21,19,2,50.0,25.0,12.0,10,3.0,62.0,23.0,15.0,0.0,0.0,0.0,a,a,a,1083
18,2020,10,1,4.3,100.0,0.0,0.0,0.0,0.0,0.0,0.0,1,0,0,21492166,19662913,1829253,58,21,19,2,50.0,25.0,12.0,10,3.0,62.0,23.0,15.0,0.0,0.0,0.0,a,a,a,1083
71,2018,25,2,4.4,100.0,0.0,0.0,0.0,0.0,0.0,0.0,2,0,0,217018538,209968793,7049745,58,21,19,2,50.0,25.0,12.0,10,3.0,62.0,23.0,15.0,0.0,0.0,0.0,a,a,a,1084
71,2019,25,2,4.4,100.0,0.0,0.0,0.0,0.0,0.0,0.0,3,0,0,158380200,143180618,15199582,58,21,19,2,50.0,25.0,12.0,10,3.0,62.0,23.0,15.0,0.0,0.0,0.0,a,a,a,1084
71,2020,25,2,4.4,100.0,0.0,0.0,0.0,0.0,0.0,0.0,6,0,0,186751006,138433448,48317558,58,21,19,2,50.0,25.0,12.0,10,3.0,62.0,23.0,15.0,0.0,0.0,0.0,a,a,a,1084
71,2021,25,2,4.4,100.0,0.0,0.0,0.0,0.0,0.0,0.0,3,0,0,188857854,135792849,53065005,58,21,19,2,50.0,25.0,12.0,10,3.0,62.0,23.0,15.0,0.0,0.0,0.0,a,a,a,1084
71,2022,25,2,4.4,100.0,0.0,0.0,0.0,0.0,0.0,0.0,2,0,0,248148182,204553019,43595163,58,21,19,2,50.0,25.0,12.0,10,3.0,62.0,23.0,15.0,0.0,0.0,0.0,a,a,a,1084
12,2018,14,1,4.5,100.0,0.0,0.0,0.0,0.0,0.0,0.0,5,0,0,59702184,29219356,30482828,58,21,19,2,50.0,25.0,12.0,10,3.0,60.0,22.0,15.0,3.0,0.0,0.0,a,a,a,1085
12,2019,14,1,4.5,100.0,0.0,0.0,0.0,0.0,0.0,0.0,4,0,0,88294147,63259665,25034482,58,21,19,2,50.0,25.0,12.0,10,3.0,60.0,22.0,15.0,3.0,0.0,0.0,a,a,a,1085
12,2020,14,1,4.5,100.0,0.0,0.0,0.0,0.0,0.0,0.0,5,0,0,65723555,30109490,35614065,58,21,19,2,50.0,25.0,12.0,10,3.0,60.0,22.0,15.0,3.0,0.0,0.0,a,a,a,1085
12,2021,14,1,4.5,100.0,0.0,0.0,0.0,0.0,0.0,0.0,4,0,0,96645743,71589503,25056240,58,21,19,2,50.0,25.0,12.0,10,3.0,60.0,22.0,15.0,3.0,0.0,0.0,a,a,a,1085
12,2022,14,1,4.5,100.0,0.0,0.0,0.0,0.0,0.0,0.0,5,0,0,151082061,110500786,40581275,58,21,19,2,50.0,25.0,12.0,10,3.0,60.0,22.0,15.0,3.0,0.0,0.0,a,a,a,1085
52,2018,32,1,4.6,59.4,16.2,12.2,4.1,4.1,2.0,2.0,,6441021,0,18541428,20128702,-1587274,58,21,19,2,50.0,25.0,12.0,10,3.0,62.0,23.0,15.0,0.0,0.0,0.0,a,a,a,1086
52,2019,32,1,4.6,79.7,8.1,6.1,2.0,2.0,1.0,1.1,,10335792,0,17523822,13519535,4004287,58,21,19,2,50.0,25.0,12.0,10,3.0,62.0,23.0,15.0,0.0,0.0,0.0,a,a,a,1086
14,2018,10,1,4.7,100.0,0.0,0.0,0.0,0.0,0.0,0.0,2,0,0,6314406,4732324,1582082,58,21,19,2,50.0,25.0,12.0,10,3.0,62.0,23.0,15.0,0.0,0.0,0.0,a,a,a,1087
14,2019,10,1,4.7,100.0,0.0,0.0,0.0,0.0,0.0,0.0,2,0,0,5866382,5407895,458487,58,21,19,2,50.0,25.0,12.0,10,3.0,62.0,23.0,15.0,0.0,0.0,0.0,a,a,a,1087
14,2020,10,1,4.7,100.0,0.0,0.0,0.0,0.0,0.0,0.0,5,0,0,5203775,4648787,554988,58,21,19,2,50.0,25.0,12.0,10,3.0,62.0,23.0,15.0,0.0,0.0,0.0,a,a,a,1087
14,2021,10,1,4.7,100.0,0.0,0.0,0.0,0.0,0.0,0.0,3,0,0,5646627,4383355,1263272,58,21,19,2,50.0,25.0,12.0,10,3.0,62.0,23.0,15.0,0.0,0.0,0.0,a,a,a,1087
14,2022,10,1,4.7,100.0,0.0,0.0,0.0,0.0,0.0,0.0,5,0,0,7742467,7094290,648177,58,21,19,2,50.0,25.0,12.0,10,3.0,62.0,23.0,15.0,0.0,0.0,0.0,a,a,a,1087
36,2020,24,2,4.8,100.0,0.0,0.0,0.0,0.0,0.0,0.0,2,0,0,90636610,73843726,16792884,58,21,19,2,50.0,25.0,12.0,10,3.0,62.0,23.0,15.0,0.0,0.0,0.0,a,a,a,1088
36,2021,24,2,4.8,100.0,0.0,0.0,0.0,0.0,0.0,0.0,2,0,0,114415093,89746346,24668747,58,21,19,2,50.0,25.0,12.0,10,3.0,62.0,23.0,15.0,0.0,0.0,0.0,a,a,a,1088
36,2022,24,2,4.8,100.0,0.0,0.0,0.0,0.0,0.0,0.0,6,0,0,138555848,119042190,19513658,58,21,19,2,50.0,25.0,12.0,10,3.0,62.0,23.0,15.0,0.0,0.0,0.0,a,a,a,1088
34,2018,24,2,4.9,100.0,0.0,0.0,0.0,0.0,0.0,0.0,5,0,0,82595572,59213941,23381631,58,21,19,2,50.0,25.0,12.0,10,3.0,62.0,23.0,15.0,0.0,0.0,0.0,a,a,a,1089
34,2019,24,2,4.9,100.0,0.0,0.0,0.0,0.0,0.0,0.0,3,0,0,49787868,37701018,12086850,58,21,19,2,50.0,25.0,12.0,10,3.0,62.0,23.0,15.0,0.0,0.0,0.0,a,a,a,1089
34,2020,24,2,4.9,100.0,0.0,0.0,0.0,0.0,0.0,0.0,5,0,0,44794460,33834312,10960148,58,21,19,2,50.0,25.0,12.0,10,3.0,62.0,23.0,15.0,0.0,0.0,0.0,a,a,a,1089
34,2021,24,2,4.9,100.0,0.0,0.0,0.0,0.0,0.0,0.0,2,0,0,57328333,44019889,13308444,58,21,19,2,50.0,25.0,12.0,10,3.0,62.0,23.0,15.0,0.0,0.0,0.0,a,a,a,1089
34,2022,24,2,4.9,100.0,0.0,0.0,0.0,0.0,0.0,0.0,4,0,0,56187194,44245683,11941511,58,21,19,2,50.0,25.0,12.0,10,3.0,62.0,23.0,15.0,0.0,0.0,0.0,a,a,a,1089
11,2018,29,2,5.0,100.0,0.0,0.0,0.0,0.0,0.0,0.0,5,0,0,50904225,41555113,9349112,58,21,19,2,50.0,25.0,12.0,10,3.0,62.0,23.0,15.0,0.0,0.0,0.0,a,a,a,1090
11,2019,29,2,5.0,100.0,0.0,0.0,0.0,0.0,0.0,0.0,4,0,0,56500491,47645169,8855322,58,21,19,2,50.0,25.0,12.0,10,3.0,62.0,23.0,15.0,0.0,0.0,0.0,a,a,a,1090
11,2020,29,2,5.0,100.0,0.0,0.0,0.0,0.0,0.0,0.0,6,0,0,50328720,47280574,3048146,58,21,19,2,50.0,25.0,12.0,10,3.0,62.0,23.0,15.0,0.0,0.0,0.0,a,a,a,1090
11,2021,29,2,5.0,100.0,0.0,0.0,0.0,0.0,0.0,0.0,2,0,0,33974242,28822612,5151630,58,21,19,2,50.0,25.0,12.0,10,3.0,62.0,23.0,15.0,0.0,0.0,0.0,a,a,a,1090
11,2022,29,2,5.0,100.0,0.0,0.0,0.0,0.0,0.0,0.0,1,0,0,24975351,20247986,4727365,58,21,19,2,50.0,25.0,12.0,10,3.0,62.0,23.0,15.0,0.0,0.0,0.0,a,a,a,1090
35,2018,11,1,5.1,47.2,21.1,15.8,5.3,5.3,2.6,2.7,,10708765,0,8550213,9983560,-1433347,58,21,19,2,50.0,25.0,12.0,10,3.0,62.0,23.0,15.0,0.0,12.7,18.7,a,a,a,1091
35,2019,11,1,5.1,60.7,15.7,11.8,3.9,3.9,2.0,2.0,,11724852,0,17243921,15310219,1933702,58,21,19,2,50.0,25.0,12.0,10,3.0,62.0,23.0,15.0,0.0,1.0,13.7,a,a,a,1091
35,2020,11,1,5.1,67.9,12.8,9.6,3.2,3.2,1.6,1.7,,10968293,0,15684232,11181879,4502353,58,21,19,2,50.0,25.0,12.0,10,3.0,62.0,23.0,15.0,0.0,6.8,11.2,a,a,a,1091
35,2021,11,1,5.1,20.0,32.0,24.0,8.0,8.0,4.0,4.0,,17132381,0,14879714,11087464,3792250,58,21,19,2,50.0,25.0,12.0,10,3.0,62.0,23.0,15.0,0.0,20.7,10.4,b,a,a,1091
35,2022,11,1,5.1,95.0,2.0,1.5,0.5,0.5,0.2,0.3,,9129631,0,12390321,10709755,1680566,58,21,19,2,50.0,25.0,12.0,10,3.0,62.0,23.0,15.0,0.0,26.3,9.1,a,a,a,1091
13,2020,28,1,5.2,100.0,0.0,0.0,0.0,0.0,0.0,0.0,2,0,0,16324548,13127076,3197472,58,21,19,2,50.0,25.0,12.0,10,3.0,62.0,23.0,15.0,0.0,0.0,0.0,a,a,a,1092
13,2021,28,1,5.2,100.0,0.0,0.0,0.0,0.0,0.0,0.0,2,0,0,16910595,15639348,1271247,58,21,19,2,50.0,25.0,12.0,10,3.0,62.0,23.0,15.0,0.0,0.0,0.0,a,a,a,1092
13,2022,28,1,5.2,100.0,0.0,0.0,0.0,0.0,0.0,0.0,2,0,0,19942514,15997320,3945194,58,21,19,2,50.0,25.0,12.0,10,3.0,62.0,23.0,15.0,0.0,0.0,0.0,a,a,a,1092
14,2018,10,1,5.3,100.0,0.0,0.0,0.0,0.0,0.0,0.0,2,0,0,9745400,7662945,2082455,58,21,19,2,50.0,25.0,12.0,10,3.0,62.0,23.0,15.0,0.0,0.0,0.0,a,a,a,1093
14,2019,10,1,5.3,100.0,0.0,0.0,0.0,0.0,0.0,0.0,3,0,0,12732250,11910883,821367,58,21,19,2,50.0,25.0,12.0,10,3.0,62.0,23.0,15.0,0.0,0.0,0.0,a,a,a,1093
14,2020,10,1,5.3,100.0,0.0,0.0,0.0,0.0,0.0,0.0,3,0,0,11812079,11402154,409925,58,21,19,2,50.0,25.0,12.0,10,3.0,62.0,23.0,15.0,0.0,0.0,0.0,a,a,a,1093
14,2021,10,1,5.3,100.0,0.0,0.0,0.0,0.0,0.0,0.0,1,0,0,17278435,13716047,3562388,58,21,19,2,50.0,25.0,12.0,10,3.0,62.0,23.0,15.0,0.0,0.0,0.0,a,a,a,1093
14,2022,10,1,5.3,100.0,0.0,0.0,0.0,0.0,0.0,0.0,4,0,0,17540532,15697246,1843286,58,21,19,2,50.0,25.0,12.0,10,3.0,62.0,23.0,15.0,0.0,0.0,0.0,a,a,a,1093
32,2018,28,2,5.4,100.0,0.0,0.0,0.0,0.0,0.0,0.0,2,0,0,93441411,77378516,16062895,58,21,19,2,50.0,25.0,12.0,10,3.0,62.0,23.0,15.0,0.0,0.0,0.0,a,a,a,1094
32,2019,28,2,5.4,100.0,0.0,0.0,0.0,0.0,0.0,0.0,6,0,0,120004353,93331359,26672994,58,21,19,2,50.0,25.0,12.0,10,3.0,62.0,23.0,15.0,0.0,0.0,0.0,a,a,a,1094
32,2020,28,2,5.4,100.0,0.0,0.0,0.0,0.0,0.0,0.0,5,0,0,123827927,116927045,6900882,58,21,19,2,50.0,25.0,12.0,10,3.0,62.0,23.0,15.0,0.0,0.0,0.0,a,a,a,1094
32,2021,28,2,5.4,100.0,0.0,0.0,0.0,0.0,0.0,0.0,5,0,0,161694007,130313934,31380073,58,21,19,2,50.0,25.0,12.0,10,3.0,62.0,23.0,15.0,0.0,0.0,0.0,a,a,a,1094
32,2022,28,2,5.4,100.0,0.0,0.0,0.0,0.0,0.0,0.0,1,0,0,168454798,142571834,25882964,58,21,19,2,50.0,25.0,12.0,10,3.0,62.0,23.0,15.0,0.0,0.0,0.0,a,a,a,1094
34,2018,33,1,5.5,100.0,0.0,0.0,0.0,0.0,0.0,0.0,6,0,0,5691910,5252601,439309,58,21,19,2,50.0,25.0,12.0,10,3.0,62.0,23.0,15.0,0.0,0.0,0.0,a,a,a,1095
34,2019,33,1,5.5,100.0,0.0,0.0,0.0,0.0,0.0,0.0,2,0,0,5962273,4414243,1548030,58,21,19,2,50.0,25.0,12.0,10,3.0,62.0,23.0,15.0,0.0,0.0,0.0,a,a,a,1095
34,2020,33,1,5.5,100.0,0.0,0.0,0.0,0.0,0.0,0.0,4,0,0,4064345,3557726,506619,58,21,19,2,50.0,25.0,12.0,10,3.0,62.0,23.0,15.0,0.0,0.0,0.0,a,a,a,1095
34,2021,33,1,5.5,100.0,0.0,0.0,0.0,0.0,0.0,0.0,3,0,0,6139757,5230626,909131,58,21,19,2,50.0,25.0,12.0,10,3.0,62.0,23.0,15.0,0.0,0.0,0.0,a,a,a,1095
34,2022,33,1,5.5,100.0,0.0,0.0,0.0,0.0,0.0,0.0,3,0,0,5217837,4968745,249092,58,21,19,2,50.0,25.0,12.0,10,3.0,62.0,23.0,15.0,0.0,0.0,0.0,a,a,a,1095
36,2022,23,2,5.6,100.0,0.0,0.0,0.0,0.0,0.0,0.0,1,0,0,108859243,130465926,-21606683,58,21,19,2,50.0,25.0,12.0,10,3.0,62.0,23.0,15.0,0.0,34.2,26.9,a,a,a,1096
14,2018,32,1,5.7,100.0,0.0,0.0,0.0,0.0,0.0,0.0,6,0,0,14520554,11218443,3302111,58,21,19,2,50.0,25.0,12.0,10,3.0,62.0,23.0,15.0,0.0,0.0,0.0,a,a,a,1097
14,2019,32,1,5.7,100.0,0.0,0.0,0.0,0.0,0.0,0.0,4,0,0,12109356,12607066,-497710,58,21,19,2,50.0,25.0,12.0,10,3.0,62.0,23.0,15.0,0.0,0.0,0.0,a,a,a,1097
14,2020,32,1,5.7,100.0,0.0,0.0,0.0,0.0,0.0,0.0,5,0,0,9542459,7386833,2155626,58,21,19,2,50.0,25.0,12.0,10,3.0,62.0,23.0,15.0,0.0,0.0,0.0,a,a,a,1097
35,2020,24,2,5.8,100.0,0.0,0.0,0.0,0.0,0.0,0.0,6,0,0,60496665,57678409,2818256,58,21,19,2,50.0,25.0,12.0,10,3.0,62.0,23.0,15.0,0.0,23.8,13.0,a,a,a,1098
35,2021,24,2,5.8,100.0,0.0,0.0,0.0,0.0,0.0,0.0,6,0,0,84240733,59008628,25232105,58,21,19,2,50.0,25.0,12.0,10,3.0,62.0,23.0,15.0,0.0,18.3,10.2,a,a,a,1098
35,2022,24,2,5.8,100.0,0.0,0.0,0.0,0.0,0.0,0.0,1,0,0,83805395,78588201,5217194,58,21,19,2,50.0,25.0,12.0,10,3.0,62.0,23.0,15.0,0.0,27.6,26.2,a,a,a,1098
61,2022,17,1,5.9,100.0,0.0,0.0,0.0,0.0,0.0,0.0,4,0,0,14988161,13452945,1535216,58,21,19,2,50.0,25.0,12.0,10,3.0,62.0,23.0,15.0,0.0,0.0,0.0,a,a,a,1099
14,2022,32,1,6.0,100.0,0.0,0.0,0.0,0.0,0.0,0.0,4,0,0,14701341,11254659,3446682,58,21,19,2,50.0,25.0,12.0,10,3.0,62.0,23.0,15.0,0.0,0.0,0.0,a,a,a,1100
